{"saved_at": 1784724465.2057996, "ratios": {"ETH": 4.875148965554659}}